{"loss": [1.3692692518234253, 0.45875611901283264, 0.27359166741371155, 0.18863694369792938, 0.13909859955310822, 0.10961863398551941, 0.08625946193933487, 0.07410761713981628, 0.06072656437754631, 0.05786694586277008], "accuracy": [0.5975247025489807, 0.8549256920814514, 0.9113592505455017, 0.9376200437545776, 0.9541361331939697, 0.964648962020874, 0.9714488983154297, 0.9747776985168457, 0.9801550507545471, 0.9819048047065735], "val_loss": [0.5162416696548462, 0.2515049874782562, 0.1718243807554245, 0.1959862858057022, 0.12586267292499542, 0.11598119139671326, 0.12538562715053558, 0.10646644234657288, 0.13408757746219635, 0.16292469203472137], "val_accuracy": [0.8352492451667786, 0.9200432300567627, 0.9438880085945129, 0.9356362223625183, 0.9593671560287476, 0.9627817273139954, 0.9606191515922546, 0.965740978717804, 0.961586594581604, 0.9516276121139526]}